Suite/Test/Step Name,Browser,Description,Tag,Start time,End time,Duration,Status
checkout,,,,13-02-2024 11:59:50,13-02-2024 12:02:24,2m - 34.490s,PASSED
,,,,,,,
Test Cases/checkout full,,,,13-02-2024 11:59:50,13-02-2024 12:01:07,1m - 17.188s,PASSED
"startApplication(""C:\Users\BRI\Downloads\Android-Solodroid_E-CommerceApp Demo_3.2.0.apk\Solodroid_E-CommerceApp Demo_3.2.0.apk"", true)",,,,13-02-2024 11:59:51,13-02-2024 12:00:36,44.280s,PASSED
"tap(findTestObject(""Object Repository/checkout full/android.widget.ImageView""), 0)",,,,13-02-2024 12:00:36,13-02-2024 12:00:38,2.276s,PASSED
"tap(findTestObject(""Object Repository/checkout full/android.widget.RelativeLayout""), 0)",,,,13-02-2024 12:00:38,13-02-2024 12:00:41,2.667s,PASSED
"tap(findTestObject(""Object Repository/checkout full/android.widget.ImageView (2)""), 0)",,,,13-02-2024 12:00:41,13-02-2024 12:00:41,0.541s,PASSED
"tap(findTestObject(""Object Repository/checkout full/android.widget.Button - ADD TO CART""), 0)",,,,13-02-2024 12:00:41,13-02-2024 12:00:43,2.011s,PASSED
"setText(findTestObject(""Object Repository/checkout full/android.widget.EditText""), ""1"", 0)",,,,13-02-2024 12:00:43,13-02-2024 12:00:46,3.179s,PASSED
"tap(findTestObject(""checkout/android.widget.Button - ADD""), 0)",,,,13-02-2024 12:00:46,13-02-2024 12:00:47,0.637s,PASSED
"tap(findTestObject(""Object Repository/checkout full/android.widget.TextView""), 0)",,,,13-02-2024 12:00:47,13-02-2024 12:00:49,1.718s,PASSED
"tap(findTestObject(""Object Repository/checkout full/android.widget.Button - CHECKOUT""), 0)",,,,13-02-2024 12:00:49,13-02-2024 12:00:49,0.677s,PASSED
"tap(findTestObject(""Object Repository/checkout full/android.widget.RelativeLayout (1)""), 0)",,,,13-02-2024 12:00:49,13-02-2024 12:00:51,1.420s,PASSED
"tap(findTestObject(""Object Repository/checkout full/android.widget.Button - YES""), 0)",,,,13-02-2024 12:00:51,13-02-2024 12:00:53,2.053s,PASSED
"tap(findTestObject(""Object Repository/checkout full/android.widget.Button - OK""), 0)",,,,13-02-2024 12:00:53,13-02-2024 12:01:01,8.075s,PASSED
closeApplication(),,,,13-02-2024 12:01:01,13-02-2024 12:01:05,4.433s,PASSED
Video,,,,13-02-2024 12:01:07,13-02-2024 12:01:07,0.001s,PASSED
,,,,,,,
Test Cases/checkout,,,,13-02-2024 12:01:07,13-02-2024 12:02:24,1m - 16.949s,PASSED
"startApplication(""C:\Users\BRI\Downloads\Android-Solodroid_E-CommerceApp Demo_3.2.0.apk\Solodroid_E-CommerceApp Demo_3.2.0.apk"", true)",,,,13-02-2024 12:01:08,13-02-2024 12:01:47,39.584s,PASSED
"tap(findTestObject(""Object Repository/checkout/android.widget.ImageView""), 0)",,,,13-02-2024 12:01:47,13-02-2024 12:01:52,4.334s,PASSED
"tap(findTestObject(""Object Repository/checkout/android.widget.Button - ADD TO CART""), 0)",,,,13-02-2024 12:01:52,13-02-2024 12:01:53,1.170s,PASSED
"tap(findTestObject(""Object Repository/checkout/android.widget.Button - ADD""), 0)",,,,13-02-2024 12:01:53,13-02-2024 12:01:55,2.119s,PASSED
"tap(findTestObject(""Object Repository/checkout/android.widget.Button - ADD TO CART""), 0)",,,,13-02-2024 12:01:55,13-02-2024 12:01:55,0.482s,PASSED
"setText(findTestObject(""Object Repository/checkout/android.widget.EditText""), ""1"", 0)",,,,13-02-2024 12:01:55,13-02-2024 12:01:59,3.282s,PASSED
"tap(findTestObject(""Object Repository/checkout/android.widget.Button - ADD""), 0)",,,,13-02-2024 12:01:59,13-02-2024 12:01:59,0.632s,PASSED
"tap(findTestObject(""Object Repository/checkout/android.widget.TextView""), 0)",,,,13-02-2024 12:01:59,13-02-2024 12:02:01,1.676s,PASSED
"tap(findTestObject(""Object Repository/checkout/android.widget.Button - CHECKOUT""), 0)",,,,13-02-2024 12:02:01,13-02-2024 12:02:02,1.001s,PASSED
"setText(findTestObject(""Object Repository/checkout/android.widget.EditText - Your Name""), ""ruslan"", 0)",,,,13-02-2024 12:02:02,13-02-2024 12:02:06,3.701s,PASSED
"setText(findTestObject(""Object Repository/checkout/android.widget.EditText - your.emailgmail.com""), ""r@r.com"", 0)",,,,13-02-2024 12:02:06,13-02-2024 12:02:08,2.322s,PASSED
"setText(findTestObject(""Object Repository/checkout/android.widget.EditText - 628123456789""), ""1234"", 0)",,,,13-02-2024 12:02:08,13-02-2024 12:02:11,2.618s,PASSED
"setText(findTestObject(""Object Repository/checkout/android.widget.EditText - Your Address""), ""depok"", 0)",,,,13-02-2024 12:02:11,13-02-2024 12:02:13,2.589s,PASSED
"tap(findTestObject(""Object Repository/checkout/android.widget.Spinner""), 0)",,,,13-02-2024 12:02:13,13-02-2024 12:02:14,0.702s,PASSED
"tap(findTestObject(""Object Repository/checkout/android.widget.CheckedTextView - TNT Express""), 0)",,,,13-02-2024 12:02:14,13-02-2024 12:02:15,1.614s,PASSED
pressBack(),,,,13-02-2024 12:02:15,13-02-2024 12:02:16,0.545s,PASSED
"setText(findTestObject(""Object Repository/checkout/android.widget.EditText - Comment""), ""mau dong"", 0)",,,,13-02-2024 12:02:16,13-02-2024 12:02:18,2.489s,PASSED
closeApplication(),,,,13-02-2024 12:02:18,13-02-2024 12:02:22,3.640s,PASSED
Video,,,,13-02-2024 12:02:24,13-02-2024 12:02:24,0.001s,PASSED
